Deal ID,기사 제목,기사 작성일,url,is_fundraising,status
1,"스틱벤처스, 800억 AI펀드 결성 ‘속도전’",,https://www.newstopkorea.com/news/articleView.html?idxno=41572,True,fundraising_saved
,"구도운용, 펀드 성과 반등에 하우스 체력 강화",,https://www.thebell.co.kr/free/content/ArticleView.asp?key=202512051422352520104664&lcode=00&page=3&svccode=03,False,non_fundraising
2,"티인베스트, 딥테크 펀딩 도전…기술금융 라인업 확장",,https://www.thebell.co.kr/free/content/ArticleView.asp?key=202512101342253240103078&lcode=00&page=2&svccode=03,True,fundraising_saved
3,"티인베스트, 딥테크 펀딩 도전…기술금융 라인업 확장",,https://www.thebell.co.kr/free/content/ArticleView.asp?key=202512101342253240103078&lcode=00&page=3&svccode=03,True,fundraising_saved
4,"[LP Radar]중기부, 모태 자펀드에 '지역투자 의무화' 추진한다",,https://www.thebell.co.kr/free/content/ArticleView.asp?key=202512111522055040103971&lcode=00&page=1&svccode=03,True,fundraising_saved
5,"[LP Radar]중기부, 모태 자펀드에 '지역투자 의무화' 추진한다",,https://www.thebell.co.kr/free/content/ArticleView.asp?key=202512111522055040103971&lcode=00&page=3&svccode=03,True,fundraising_saved
6,"[LP Radar]모태펀드 1차 정시, 내년 1월말 공고 유력",,https://www.thebell.co.kr/free/content/ArticleView.asp?key=202512111611398160101758&lcode=00&page=2&svccode=03,True,fundraising_saved
7,"김대현호 키움인베, 2년연속 1000억 초과 펀딩",,https://www.thebell.co.kr/free/content/ArticleView.asp?key=202512111713347640106959&lcode=00&page=2&svccode=03,True,fundraising_saved
8,"'신생 VC' AOA캐피탈, 170억 루키펀드 결성",,https://www.thebell.co.kr/free/content/ArticleView.asp?key=202512120853503180109480&lcode=00&page=1&svccode=03,True,fundraising_saved
9,"ES인베스터, '딥테크 주력' 265억 신규 펀드 결성",,https://www.thebell.co.kr/free/content/ArticleView.asp?key=202512120900053420103451&lcode=00&page=1&svccode=03,True,fundraising_saved
10,"IBK벤처, 500억 스케일업펀드 1년만에 소진",,https://www.thebell.co.kr/free/content/ArticleView.asp?key=202512121052556200106215&lcode=00&page=1&svccode=03,True,fundraising_saved
11,"아이디벤처, 넥스트 유니콘 펀드 닻 올렸다",,https://www.thebell.co.kr/free/content/ArticleView.asp?key=202512121146266000109650&lcode=00&page=1&svccode=03,True,fundraising_saved
12,"'신생 VC' AOA캐피탈, 170억 루키펀드 결성",,https://www.thebell.co.kr/free/content/ArticleView.asp?key=202512120853503180109480&lcode=00&page=2&svccode=03,True,fundraising_saved
13,"'신생 VC' AOA캐피탈, 170억 루키펀드 결성",,https://www.thebell.co.kr/free/content/ArticleView.asp?key=202512120853503180109480&lcode=00&page=3&svccode=03,True,fundraising_saved
14,"ES인베스터, '딥테크 주력' 265억 신규 펀드 결성",,https://www.thebell.co.kr/free/content/ArticleView.asp?key=202512120900053420103451&lcode=00&page=3&svccode=03,True,fundraising_saved
15,"IBK벤처, 500억 스케일업펀드 1년만에 소진",,https://www.thebell.co.kr/free/content/ArticleView.asp?key=202512121052556200106215&lcode=00&page=3&svccode=03,True,fundraising_saved
16,"아이디벤처, 넥스트 유니콘 펀드 닻 올렸다",,https://www.thebell.co.kr/free/content/ArticleView.asp?key=202512121146266000109650&lcode=00&page=3&svccode=03,True,fundraising_saved
17,"[LP Radar]VC출자 풀린 수출입은행, 내년 '첫 콘테스트'에 관심",,https://www.thebell.co.kr/free/content/ArticleView.asp?key=202512160844191400104967&lcode=00&page=1&svccode=03,True,fundraising_saved
18,"프리미어파트너스, '1450억' VC펀드 결성",,https://www.thebell.co.kr/free/content/ArticleView.asp?key=202512161457098440104354&lcode=00&page=1&svccode=03,True,fundraising_saved
19,"[LP Radar]VC출자 풀린 수출입은행, 내년 '첫 콘테스트'에 관심",,https://www.thebell.co.kr/free/content/ArticleView.asp?key=202512160844191400104967&lcode=00&page=3&svccode=03,True,fundraising_saved
20,"프리미어파트너스, '1450억' VC펀드 결성",,https://www.thebell.co.kr/free/content/ArticleView.asp?key=202512161457098440104354&lcode=00&page=3&svccode=03,True,fundraising_saved
21,"대성창투, 300억 세컨더리펀드 결성…AUM 3600억",,https://www.thebell.co.kr/free/content/ArticleView.asp?key=202512161534040200109694&lcode=00&page=2&svccode=03,True,fundraising_saved
22,"퀀텀벤처스, 485억 AI펀드 결성…AUM 3600억 돌파",,https://www.thebell.co.kr/free/content/ArticleView.asp?key=202512171434390400102733&lcode=00&page=2&svccode=03,True,fundraising_saved
23,"우리벤처, 첫 세컨더리펀드 1490억 최종 클로징",,https://www.thebell.co.kr/free/content/ArticleView.asp?key=202512180743440920106667&lcode=00&page=2&svccode=03,True,fundraising_saved
24,"토러스파트너스, 170억 루키펀드 결성",,https://www.thebell.co.kr/free/content/ArticleView.asp?key=202512180751285620102068&lcode=00&page=2&svccode=03,True,fundraising_saved
25,"에이벤처스, '565억' AI펀드 결성…AUM 3000억 돌파",,https://www.thebell.co.kr/free/content/ArticleView.asp?key=202512181036051640105683&lcode=00&page=2&svccode=03,True,fundraising_saved
26,"토러스파트너스, 170억 루키펀드 결성",,https://www.thebell.co.kr/free/content/ArticleView.asp?key=202512180751285620102068&lcode=00&page=3&svccode=03,True,fundraising_saved
27,"에이벤처스, '565억' AI펀드 결성…AUM 3000억 돌파",,https://www.thebell.co.kr/free/content/ArticleView.asp?key=202512181036051640105683&lcode=00&page=3&svccode=03,True,fundraising_saved
28,"우리벤처, 첫 세컨더리펀드 1490억 최종 클로징",,https://www.thebell.co.kr/free/content/ArticleView.asp?key=202512180743440920106667&lcode=00&page=3&svccode=03,True,fundraising_saved
29,"[LP Radar]국민연금 VC 출자, 우리벤처·HB·스톤브릿지 낙점",,https://www.thebell.co.kr/free/content/ArticleView.asp?key=202512191553265720106543&lcode=00&page=1&svccode=03,True,fundraising_saved
30,"오라클벤처·벡터기술투자, 170억 지역펀드 결성",,https://www.thebell.co.kr/free/content/ArticleView.asp?key=202512181124138600104369&lcode=00&page=3&svccode=03,True,fundraising_saved
31,"파라투스, '펀딩·투자·회수' 병행 숨가빴던 한 해",,https://www.thebell.co.kr/free/content/ArticleView.asp?key=202512221409583520102220&lcode=00&page=2&svccode=03,True,fundraising_saved
32,"파라투스, '펀딩·투자·회수' 병행 숨가빴던 한 해",,https://www.thebell.co.kr/free/content/ArticleView.asp?key=202512221409583520102220&lcode=00&page=3&svccode=03,True,fundraising_saved
33,"에이티넘인베, 메가펀드 빠른 배분…차기 펀딩 '청신호'",,https://www.thebell.co.kr/free/content/ArticleView.asp?key=202512230958395040102091&lcode=00&page=2&svccode=03,True,fundraising_saved
34,"뮤렉스파트너스, '257억' 딥테크펀드 결성",,https://www.thebell.co.kr/free/content/ArticleView.asp?key=202512231135235520101317&lcode=00&page=1&svccode=03,True,fundraising_saved
35,"뮤렉스파트너스, '257억' 딥테크펀드 결성",,https://www.thebell.co.kr/free/content/ArticleView.asp?key=202512231135235520101317&lcode=00&page=3&svccode=03,True,fundraising_saved
36,"BSK인베, 청년펀드 멀티클로징…500억 규모로 키웠다",,https://www.thebell.co.kr/free/content/ArticleView.asp?key=202512240939118920102238&lcode=00&page=2&svccode=03,True,fundraising_saved
37,"[LP Radar]행공 VC 출자, K2·스톤브릿지·우리·인터베스트·코오롱 낙점",,https://www.thebell.co.kr/free/content/ArticleView.asp?key=202512241303088200102758&lcode=00&page=2&svccode=03,True,fundraising_saved
38,"BSK인베, 청년펀드 멀티클로징…500억 규모로 키웠다",,https://www.thebell.co.kr/free/content/ArticleView.asp?key=202512240939118920102238&lcode=00&page=3&svccode=03,True,fundraising_saved
39,"[LP Radar]행공 VC 출자, K2·스톤브릿지·우리·인터베스트·코오롱 낙점",,https://www.thebell.co.kr/free/content/ArticleView.asp?key=202512241303088200102758&lcode=00&page=3&svccode=03,True,fundraising_saved
40,"JB인베, 340억 문화펀드 결성…올해 1000억 펀딩",,https://www.thebell.co.kr/free/content/ArticleView.asp?key=202512260653448920107413&lcode=00&page=1&svccode=03,True,fundraising_saved
41,"ATU파트너스, 성장금융 630억 콘텐츠 전략 펀드 결성",,https://www.newstopkorea.com/news/articleView.html?idxno=42125,True,fundraising_saved
42,"'대형사 도약' 원익투자, 4000억 펀드레이징 마무리",,https://www.thebell.co.kr/free/content/ArticleView.asp?key=202512290824269540102977&lcode=00&page=2&svccode=03,True,fundraising_saved
43,"아주IB, 역대 최대 PEF 결성…올해 펀딩 5000억 육박",,https://www.thebell.co.kr/free/content/ArticleView.asp?key=202512291415290400109422&lcode=00&page=3&svccode=03,True,fundraising_saved
,"하나벤처스, 유성욱 상무 합류…대표펀드매니저급 보강",,https://www.thebell.co.kr/free/content/ArticleView.asp?key=202512291504080040105282&lcode=00&page=3&svccode=03,False,non_fundraising
44,"[LP Radar]농금원, 역대 최대 3376억 자펀드 결성…출자비율 37%",,https://www.thebell.co.kr/free/content/ArticleView.asp?key=202512291613333720104390&lcode=00&page=3&svccode=03,True,fundraising_saved
45,"인라이트벤처스, 역대 첫 1000억 펀드 결성 시동",,https://www.newstopkorea.com/news/articleView.html?idxno=42162,True,fundraising_saved
46,[2025 PE 애뉴얼 리포트]'펀딩' 확장하고 '장기 포폴' 정리…프리미어 성공적 한 해,,https://www.thebell.co.kr/free/content/ArticleView.asp?key=202512181112041320102880&lcode=00&page=1&svccode=03,True,fundraising_saved
47,"'슈퍼 루키' 에이온인베, 2개 펀드 결성 성공",,https://www.thebell.co.kr/free/content/ArticleView.asp?key=202512300931315520107793&lcode=00&page=1&svccode=03,True,fundraising_saved
48,"에버그린투자, 주요 기관 GP 잇단 선정…AI 펀드 막바지",,https://www.thebell.co.kr/free/content/ArticleView.asp?key=202512301038140880108355&lcode=00&page=1&svccode=03,True,fundraising_saved
49,"인터베스트, 딥테크펀드 3090억 클로징…AUM 2조 눈앞",,https://www.thebell.co.kr/free/content/ArticleView.asp?key=202512301107513680101390&lcode=00&page=2&svccode=03,True,fundraising_saved
50,"[LP Radar]농금원, GP 페널티 대신 '인센티브' 카드",,https://www.thebell.co.kr/free/content/ArticleView.asp?key=202512301355584280107361&lcode=00&page=2&svccode=03,True,fundraising_saved
51,[2025 PE 애뉴얼 리포트]'펀딩' 확장하고 '장기 포폴' 정리…프리미어 성공적 한 해,,https://www.thebell.co.kr/free/content/ArticleView.asp?key=202512181112041320102880&lcode=00&page=3&svccode=03,True,fundraising_saved
52,"'슈퍼 루키' 에이온인베, 2개 펀드 결성 성공",,https://www.thebell.co.kr/free/content/ArticleView.asp?key=202512300931315520107793&lcode=00&page=3&svccode=03,True,fundraising_saved
53,"에버그린투자, 주요 기관 GP 잇단 선정…AI 펀드 막바지",,https://www.thebell.co.kr/free/content/ArticleView.asp?key=202512301038140880108355&lcode=00&page=3&svccode=03,True,fundraising_saved
54,"인터베스트, 딥테크펀드 3090억 클로징…AUM 2조 눈앞",,https://www.thebell.co.kr/free/content/ArticleView.asp?key=202512301107513680101390&lcode=00&page=3&svccode=03,True,fundraising_saved
55,"[LP Radar]농금원, GP 페널티 대신 '인센티브' 카드",,https://www.thebell.co.kr/free/content/ArticleView.asp?key=202512301355584280107361&lcode=00&page=3&svccode=03,True,fundraising_saved
56,"티인베스트먼트, 딥테크 펀딩 청신호…600억 도전",,https://www.thebell.co.kr/free/content/ArticleView.asp?key=202512301650454600107763&lcode=00&page=2&svccode=03,True,fundraising_saved
57,[thebell League Table]실탄 다시 찼다…벤처펀드 드라이파우더 10조대 복귀,,https://www.thebell.co.kr/free/content/ArticleView.asp?key=202512310920413000109168&lcode=00&page=1&svccode=03,True,fundraising_saved
58,[thebell League Table]VC 펀딩 3년만에 8조대 반등…PEF가 반전 이끌다,,https://www.thebell.co.kr/free/content/ArticleView.asp?key=202512311116132520103710&lcode=00&page=1&svccode=03,True,fundraising_saved
59,[thebell League Table]벤처펀드 펀딩 5조대 재진입…중상위권 VC 약진,,https://www.thebell.co.kr/free/content/ArticleView.asp?key=202512311400491560107168&lcode=00&page=1&svccode=03,True,fundraising_saved
60,[thebell League Table]실탄 다시 찼다…벤처펀드 드라이파우더 10조대 복귀,,https://www.thebell.co.kr/free/content/ArticleView.asp?key=202512310920413000109168&lcode=00&page=2&svccode=03,True,fundraising_saved
61,[thebell League Table]VC 펀딩 3년만에 8조대 반등…PEF가 반전 이끌다,,https://www.thebell.co.kr/free/content/ArticleView.asp?key=202512311116132520103710&lcode=00&page=2&svccode=03,True,fundraising_saved
62,[thebell League Table]벤처펀드 펀딩 5조대 재진입…중상위권 VC 약진,,https://www.thebell.co.kr/free/content/ArticleView.asp?key=202512311400491560107168&lcode=00&page=2&svccode=03,True,fundraising_saved
63,"미시간벤처, 1000억 펀드 결성…AUM 4000억 돌파",,https://www.thebell.co.kr/free/content/ArticleView.asp?key=202601021103279920109043&lcode=00&page=2&svccode=03,True,fundraising_saved
,"[LP Radar]'조직개편' 한국벤처투자, 펀드관리 힘 준다",,https://www.thebell.co.kr/free/content/ArticleView.asp?key=202601021536424760102094&lcode=00&page=2&svccode=03,False,non_fundraising
64,"ATU파트너스, '630억' 세번째 정책출자 펀드 결성",,https://www.thebell.co.kr/free/content/ArticleView.asp?key=202601050749401320108396&lcode=00&page=2&svccode=03,True,fundraising_saved
65,"L&S벤처, 1220억 반도체펀드 결성…산업계 LP 러브콜",,https://www.thebell.co.kr/free/content/ArticleView.asp?key=202601050808407980106880&lcode=00&page=2&svccode=03,True,fundraising_saved
66,"S&S인베·유비쿼스인베, 산은 출자로 400억 펀드 결성",,https://www.thebell.co.kr/free/content/ArticleView.asp?key=202601050821294500103061&lcode=00&page=1&svccode=03,True,fundraising_saved
67,"[thebell League Table]DSC인베, 초대형사 향한다…2년 연속 투자 톱 5위권",,https://www.thebell.co.kr/free/content/ArticleView.asp?key=202601050902255600105094&lcode=00&page=2&svccode=03,True,fundraising_saved
68,"[thebell League Table]'회수 입증' 우리벤처, 신규 펀드로 AUM 반격 나선다",,https://www.thebell.co.kr/free/content/ArticleView.asp?key=202601050919287440107578&lcode=00&page=1&svccode=03,True,fundraising_saved
69,"[thebell League Table]'VC AUM 왕좌' 한투파, 펀드레이징은 숨고르기",,https://www.thebell.co.kr/free/content/ArticleView.asp?key=202601051022526760105338&lcode=00&page=2&svccode=03,True,fundraising_saved
70,"[2025 PE 애뉴얼 리포트]키움PE, 구다이글로벌·레뷰코퍼로 존재감 증명",,https://www.thebell.co.kr/free/content/ArticleView.asp?key=202601051118494200102744&lcode=00&page=1&svccode=03,True,fundraising_saved
71,"[thebell League Table]TS인베, '프리드라이프' 회수 성과…M&A 투자도 본격화",,https://www.thebell.co.kr/free/content/ArticleView.asp?key=202601051447589160104351&lcode=00&page=2&svccode=03,True,fundraising_saved
72,"[thebell League Table]'1조 클럽 안착' 컴퍼니케이, '펀딩·회수'로 존재감 키웠다",,https://www.thebell.co.kr/free/content/ArticleView.asp?key=202601051449181480106475&lcode=00&page=2&svccode=03,True,fundraising_saved
73,"ATU파트너스, '630억' 세번째 정책출자 펀드 결성",,https://thebell.co.kr/free/content/ArticleView.asp?key=202601050749401320108396&lcode=00&page=3&svccode=03,True,fundraising_saved,thebell:202601050749401320108396,https://www.thebell.co.kr/free/content/ArticleView.asp?key=202601050749401320108396&lcode=00&page=3&svccode=03
74,"L&S벤처, 1220억 반도체펀드 결성…산업계 LP 러브콜",,https://thebell.co.kr/free/content/ArticleView.asp?key=202601050808407980106880&lcode=00&page=3&svccode=03,True,fundraising_saved,thebell:202601050808407980106880,https://www.thebell.co.kr/free/content/ArticleView.asp?key=202601050808407980106880&lcode=00&page=3&svccode=03
75,"S&S인베·유비쿼스인베, 산은 출자로 400억 펀드 결성",,https://thebell.co.kr/free/content/ArticleView.asp?key=202601050821294500103061&lcode=00&page=2&svccode=03,True,fundraising_saved,thebell:202601050821294500103061,https://www.thebell.co.kr/free/content/ArticleView.asp?key=202601050821294500103061&lcode=00&page=2&svccode=03
76,"[thebell League Table]DSC인베, 초대형사 향한다…2년 연속 투자 톱 5위권",,https://thebell.co.kr/free/content/ArticleView.asp?key=202601050902255600105094&lcode=00&page=3&svccode=03,True,fundraising_saved,thebell:202601050902255600105094,https://www.thebell.co.kr/free/content/ArticleView.asp?key=202601050902255600105094&lcode=00&page=3&svccode=03
77,"[thebell League Table]'회수 입증' 우리벤처, 신규 펀드로 AUM 반격 나선다",,https://thebell.co.kr/free/content/ArticleView.asp?key=202601050919287440107578&lcode=00&page=2&svccode=03,True,fundraising_saved,thebell:202601050919287440107578,https://www.thebell.co.kr/free/content/ArticleView.asp?key=202601050919287440107578&lcode=00&page=2&svccode=03
78,"[2025 PE 애뉴얼 리포트]키움PE, 구다이글로벌·레뷰코퍼로 존재감 증명",,https://thebell.co.kr/free/content/ArticleView.asp?key=202601051118494200102744&lcode=00&page=3&svccode=03,True,fundraising_saved,thebell:202601051118494200102744,https://www.thebell.co.kr/free/content/ArticleView.asp?key=202601051118494200102744&lcode=00&page=3&svccode=03
79,"[thebell League Table]아주IB, '펀딩·회수' 두 마리 토끼 잡았다",,https://thebell.co.kr/free/content/ArticleView.asp?key=202601051540536840101290&lcode=00&page=2&svccode=03,True,fundraising_saved,thebell:202601051540536840101290,https://www.thebell.co.kr/free/content/ArticleView.asp?key=202601051540536840101290&lcode=00&page=2&svccode=03
80,"[thebell League Table]포스코기술투자, 지주사형 CVC 전환 후 ‘1조 클럽’ 입성",,https://thebell.co.kr/free/content/ArticleView.asp?key=202601061444224200101463&lcode=00&page=2&svccode=03,True,fundraising_saved,thebell:202601061444224200101463,https://www.thebell.co.kr/free/content/ArticleView.asp?key=202601061444224200101463&lcode=00&page=2&svccode=03
81,"[thebell League Table]스틱벤처스, 회수 앞세워 AI 투자 확장 채비",,https://thebell.co.kr/free/content/ArticleView.asp?key=202601061446318960104592&lcode=00&page=2&svccode=03,True,fundraising_saved,thebell:202601061446318960104592,https://www.thebell.co.kr/free/content/ArticleView.asp?key=202601061446318960104592&lcode=00&page=2&svccode=03
82,"[thebell League Table]프리미어파트너스, '대형 PEF 결성' 펀딩 상위권 복귀",,https://thebell.co.kr/free/content/ArticleView.asp?key=202601061615489080101879&lcode=00&page=2&svccode=03,True,fundraising_saved,thebell:202601061615489080101879,https://www.thebell.co.kr/free/content/ArticleView.asp?key=202601061615489080101879&lcode=00&page=2&svccode=03
83,"[thebell League Table]SBVA, VC AUM 2위 도약…펀딩·투자·회수 '삼박자'",,https://thebell.co.kr/free/content/ArticleView.asp?key=202601061643205840106616&lcode=00&page=2&svccode=03,True,fundraising_saved,thebell:202601061643205840106616,https://www.thebell.co.kr/free/content/ArticleView.asp?key=202601061643205840106616&lcode=00&page=2&svccode=03
84,"[thebell League Table]SV인베스트, 펀딩 확대로 존재감 키웠다",,https://thebell.co.kr/free/content/ArticleView.asp?key=202601071228139080103622&lcode=00&page=2&svccode=03,True,fundraising_saved,thebell:202601071228139080103622,https://www.thebell.co.kr/free/content/ArticleView.asp?key=202601071228139080103622&lcode=00&page=2&svccode=03
85,"[LP Radar]과기공, 대체투자 리더십 재편…VC 출자 전략 주목",,https://thebell.co.kr/free/content/ArticleView.asp?key=202601071427369680109126&lcode=00&page=2&svccode=03,True,fundraising_saved,thebell:202601071427369680109126,https://www.thebell.co.kr/free/content/ArticleView.asp?key=202601071427369680109126&lcode=00&page=2&svccode=03
86,"[thebell League Table]프리미어파트너스, '대형 PEF 결성' 펀딩 상위권 복귀",,https://thebell.co.kr/free/content/ArticleView.asp?key=202601061615489080101879&lcode=00&page=3&svccode=03,True,fundraising_saved,thebell:202601061615489080101879,https://www.thebell.co.kr/free/content/ArticleView.asp?key=202601061615489080101879&lcode=00&page=3&svccode=03
87,"[LP Radar]과기공, 대체투자 리더십 재편…VC 출자 전략 주목",,https://thebell.co.kr/free/content/ArticleView.asp?key=202601071427369680109126&lcode=00&page=3&svccode=03,True,fundraising_saved,thebell:202601071427369680109126,https://www.thebell.co.kr/free/content/ArticleView.asp?key=202601071427369680109126&lcode=00&page=3&svccode=03
88,"[thebell League Table]티인베스트, 1000억 AI 펀드 결성…펀딩 존재감 부각",,https://thebell.co.kr/free/content/ArticleView.asp?key=202601071655444520106695&lcode=00&page=2&svccode=03,True,fundraising_saved,thebell:202601071655444520106695,https://www.thebell.co.kr/free/content/ArticleView.asp?key=202601071655444520106695&lcode=00&page=2&svccode=03
89,"[thebell League Table]인터베스트, '펀딩·투자·회수' 톱10 싹쓸이",,https://thebell.co.kr/free/content/ArticleView.asp?key=202601071705008640103395&lcode=00&page=2&svccode=03,True,fundraising_saved,thebell:202601071705008640103395,https://www.thebell.co.kr/free/content/ArticleView.asp?key=202601071705008640103395&lcode=00&page=2&svccode=03
90,"[2025 PE 애뉴얼 리포트]'실탄 확보' 큐캐피탈, 유기적 밸류업 플랜 돋보였다",,https://thebell.co.kr/free/content/ArticleView.asp?key=202601081023119680101595&lcode=00&page=2&svccode=03,True,fundraising_saved,thebell:202601081023119680101595,https://www.thebell.co.kr/free/content/ArticleView.asp?key=202601081023119680101595&lcode=00&page=2&svccode=03
91,"[thebell League Table]HB인베, 2년 연속 1000억대 펀딩…AUM 급증",,https://thebell.co.kr/free/content/ArticleView.asp?key=202601081302217480106057&lcode=00&page=2&svccode=03,True,fundraising_saved,thebell:202601081302217480106057,https://www.thebell.co.kr/free/content/ArticleView.asp?key=202601081302217480106057&lcode=00&page=2&svccode=03
92,"[thebell League Table]BNH인베, AUM 4000억 근접…바이오 중견 VC 반열",,https://thebell.co.kr/free/content/ArticleView.asp?key=202601081431570200108391&lcode=00&page=1&svccode=03,True,fundraising_saved,thebell:202601081431570200108391,https://www.thebell.co.kr/free/content/ArticleView.asp?key=202601081431570200108391&lcode=00&page=1&svccode=03
93,"[LP Radar]농금원, 투자운용본부장에 이상기 자금관리실장 선임",,https://thebell.co.kr/free/content/ArticleView.asp?key=202601081515557440106391&lcode=00&page=1&svccode=03,True,fundraising_saved,thebell:202601081515557440106391,https://www.thebell.co.kr/free/content/ArticleView.asp?key=202601081515557440106391&lcode=00&page=1&svccode=03
94,"[thebell League Table]BNH인베, AUM 4000억 근접…바이오 중견 VC 반열",,https://thebell.co.kr/free/content/ArticleView.asp?key=202601081431570200108391&lcode=00&page=2&svccode=03,True,fundraising_saved,thebell:202601081431570200108391,https://www.thebell.co.kr/free/content/ArticleView.asp?key=202601081431570200108391&lcode=00&page=2&svccode=03
95,"[thebell League Table]인라이트벤처스, 6년 연속 600억대 펀딩…중형사 도약",,https://thebell.co.kr/free/content/ArticleView.asp?key=202601090909352820103544&lcode=00&page=3&svccode=03,True,fundraising_saved,thebell:202601090909352820103544,https://www.thebell.co.kr/free/content/ArticleView.asp?key=202601090909352820103544&lcode=00&page=3&svccode=03
96,"[LP Radar]경찰공제회, 10년만 PE 출자사업 부활 '1200억 쏜다'",,https://thebell.co.kr/free/content/ArticleView.asp?key=202601091017123400108163&lcode=00&page=1&svccode=03,True,fundraising_saved,thebell:202601091017123400108163,https://www.thebell.co.kr/free/content/ArticleView.asp?key=202601091017123400108163&lcode=00&page=1&svccode=03
97,"[LP Radar]경찰공제회, 6년 만에 VC 콘테스트 재개…200억씩 3곳 출자",,https://thebell.co.kr/free/content/ArticleView.asp?key=202601112102109760109126&lcode=00&page=1&svccode=03,True,fundraising_saved,thebell:202601112102109760109126,https://www.thebell.co.kr/free/content/ArticleView.asp?key=202601112102109760109126&lcode=00&page=1&svccode=03
98,"특수관계인 비중 40%…SKS PE, 펀드 결성 가능할까",,https://newstopkorea.com/news/articleView.html?idxno=42414,True,fundraising_saved,urlhash:288888791bafdf4c3ec26690ebd1bdc88cfa6fa5,https://www.newstopkorea.com/news/articleView.html?idxno=42414
99,"[LP Radar]경찰공제회, 10년만 PE 출자사업 부활 '1200억 쏜다'",,https://thebell.co.kr/free/content/ArticleView.asp?key=202601091017123400108163&lcode=00&page=2&svccode=03,True,fundraising_saved,thebell:202601091017123400108163,https://www.thebell.co.kr/free/content/ArticleView.asp?key=202601091017123400108163&lcode=00&page=2&svccode=03
100,"[2025 PE 애뉴얼 리포트]IMM크레딧, '1조' 펀딩 매듭짓고 투자 본격화",,https://thebell.co.kr/free/content/ArticleView.asp?key=202601091241418480108869&lcode=00&page=1&svccode=03,True,fundraising_saved,thebell:202601091241418480108869,https://www.thebell.co.kr/free/content/ArticleView.asp?key=202601091241418480108869&lcode=00&page=1&svccode=03
101,"[LP Radar]경찰공제회, 6년 만에 VC 콘테스트 재개…200억씩 3곳 출자",,https://thebell.co.kr/free/content/ArticleView.asp?key=202601112102109760109126&lcode=00&page=2&svccode=03,True,fundraising_saved,thebell:202601112102109760109126,https://www.thebell.co.kr/free/content/ArticleView.asp?key=202601112102109760109126&lcode=00&page=2&svccode=03
102,"[VC 인사 풍향계]3연임 김창규 우리벤처 대표, 과제는 '펀드레이징'",,https://thebell.co.kr/free/content/ArticleView.asp?key=202601120720261600106254&lcode=00&page=1&svccode=03,True,fundraising_saved,thebell:202601120720261600106254,https://www.thebell.co.kr/free/content/ArticleView.asp?key=202601120720261600106254&lcode=00&page=1&svccode=03
103,"[thebell League Table]'펀딩 재개' 에이벤처스, AUM 3000억 시대 열었다",,https://thebell.co.kr/free/content/ArticleView.asp?key=202601120849087880103263&lcode=00&page=2&svccode=03,True,fundraising_saved,thebell:202601120849087880103263,https://www.thebell.co.kr/free/content/ArticleView.asp?key=202601120849087880103263&lcode=00&page=2&svccode=03
104,"[thebell League Table]파트너스인베, 2년간 투자 집행 무게…'펀딩 사이클' 도래",,https://thebell.co.kr/free/content/ArticleView.asp?key=202601120946086360104980&lcode=00&page=2&svccode=03,True,fundraising_saved,thebell:202601120946086360104980,https://www.thebell.co.kr/free/content/ArticleView.asp?key=202601120946086360104980&lcode=00&page=2&svccode=03
105,"[thebell League Table]IBK벤처, 리그테이블 첫 해 펀딩·투자 중상위권",,https://thebell.co.kr/free/content/ArticleView.asp?key=202601121003331760106820&lcode=00&page=2&svccode=03,True,fundraising_saved,thebell:202601121003331760106820,https://www.thebell.co.kr/free/content/ArticleView.asp?key=202601121003331760106820&lcode=00&page=2&svccode=03
106,"[LP Radar]경찰공제회, 10년만 PE 출자사업 부활 '1200억 쏜다'",,https://thebell.co.kr/free/content/ArticleView.asp?key=202601091017123400108163&lcode=00&page=3&svccode=03,True,fundraising_saved,thebell:202601091017123400108163,https://www.thebell.co.kr/free/content/ArticleView.asp?key=202601091017123400108163&lcode=00&page=3&svccode=03
107,"[2025 PE 애뉴얼 리포트]IMM크레딧, '1조' 펀딩 매듭짓고 투자 본격화",,https://thebell.co.kr/free/content/ArticleView.asp?key=202601091241418480108869&lcode=00&page=2&svccode=03,True,fundraising_saved,thebell:202601091241418480108869,https://www.thebell.co.kr/free/content/ArticleView.asp?key=202601091241418480108869&lcode=00&page=2&svccode=03
108,"[LP Radar]경찰공제회, 6년 만에 VC 콘테스트 재개…200억씩 3곳 출자",,https://thebell.co.kr/free/content/ArticleView.asp?key=202601112102109760109126&lcode=00&page=3&svccode=03,True,fundraising_saved,thebell:202601112102109760109126,https://www.thebell.co.kr/free/content/ArticleView.asp?key=202601112102109760109126&lcode=00&page=3&svccode=03
109,"[VC 인사 풍향계]3연임 김창규 우리벤처 대표, 과제는 '펀드레이징'",,https://thebell.co.kr/free/content/ArticleView.asp?key=202601120720261600106254&lcode=00&page=2&svccode=03,True,fundraising_saved,thebell:202601120720261600106254,https://www.thebell.co.kr/free/content/ArticleView.asp?key=202601120720261600106254&lcode=00&page=2&svccode=03
110,"[thebell League Table]'펀딩 재개' 에이벤처스, AUM 3000억 시대 열었다",,https://thebell.co.kr/free/content/ArticleView.asp?key=202601120849087880103263&lcode=00&page=3&svccode=03,True,fundraising_saved,thebell:202601120849087880103263,https://www.thebell.co.kr/free/content/ArticleView.asp?key=202601120849087880103263&lcode=00&page=3&svccode=03
111,"[thebell League Table]파트너스인베, 2년간 투자 집행 무게…'펀딩 사이클' 도래",,https://thebell.co.kr/free/content/ArticleView.asp?key=202601120946086360104980&lcode=00&page=3&svccode=03,True,fundraising_saved,thebell:202601120946086360104980,https://www.thebell.co.kr/free/content/ArticleView.asp?key=202601120946086360104980&lcode=00&page=3&svccode=03
112,"[thebell League Table]IBK벤처, 리그테이블 첫 해 펀딩·투자 중상위권",,https://thebell.co.kr/free/content/ArticleView.asp?key=202601121003331760106820&lcode=00&page=3&svccode=03,True,fundraising_saved,thebell:202601121003331760106820,https://www.thebell.co.kr/free/content/ArticleView.asp?key=202601121003331760106820&lcode=00&page=3&svccode=03
113,"더함파트너스, '2000억' 첫 블라인드펀드 결성 추진",,https://thebell.co.kr/free/content/ArticleView.asp?key=202601130834219900103870&lcode=00&page=1&svccode=03,True,fundraising_saved,thebell:202601130834219900103870,https://www.thebell.co.kr/free/content/ArticleView.asp?key=202601130834219900103870&lcode=00&page=1&svccode=03
114,"[thebell League Table]캡스톤파트너스, 쉼 없는 펀드레이징…AUM 5000억 임박",,https://thebell.co.kr/free/content/ArticleView.asp?key=202601131336102320106848&lcode=00&page=2&svccode=03,True,fundraising_saved,thebell:202601131336102320106848,https://www.thebell.co.kr/free/content/ArticleView.asp?key=202601131336102320106848&lcode=00&page=2&svccode=03
115,"[VC 인사 풍향계]DSC인베, AI·바이오 젊은피 수혈…투자 역량 확대",,https://thebell.co.kr/free/content/ArticleView.asp?key=202601131449119680101075&lcode=00&page=2&svccode=03,True,fundraising_saved,thebell:202601131449119680101075,https://www.thebell.co.kr/free/content/ArticleView.asp?key=202601131449119680101075&lcode=00&page=2&svccode=03
116,"더함파트너스, '2000억' 첫 블라인드펀드 결성 추진",,https://thebell.co.kr/free/content/ArticleView.asp?key=202601130834219900103870&lcode=00&page=2&svccode=03,True,fundraising_saved,thebell:202601130834219900103870,https://www.thebell.co.kr/free/content/ArticleView.asp?key=202601130834219900103870&lcode=00&page=2&svccode=03
117,"SJ투자, '토모로우' 투자 단행…퍼스트무버펀드 소진 속도",,https://thebell.co.kr/free/content/ArticleView.asp?key=202601131704094160107567&lcode=00&page=2&svccode=03,True,fundraising_saved,thebell:202601131704094160107567,https://www.thebell.co.kr/free/content/ArticleView.asp?key=202601131704094160107567&lcode=00&page=2&svccode=03
118,"[thebell League Table]알바트로스인베, 연속 펀딩 성과…AUM 3000억 가시권",,https://thebell.co.kr/free/content/ArticleView.asp?key=202601140827450620106850&lcode=00&page=1&svccode=03,True,fundraising_saved,thebell:202601140827450620106850,https://www.thebell.co.kr/free/content/ArticleView.asp?key=202601140827450620106850&lcode=00&page=1&svccode=03
119,"[2025 PE 애뉴얼 리포트]투자 외연 넓힌 더함파트너스, 올해 펀드레이징 '주목'",,https://thebell.co.kr/free/content/ArticleView.asp?key=202601141450575720105550&lcode=00&page=1&svccode=03,True,fundraising_saved,thebell:202601141450575720105550,https://www.thebell.co.kr/free/content/ArticleView.asp?key=202601141450575720105550&lcode=00&page=1&svccode=03
120,"[thebell League Table]아이디벤처, 지배구조 변화 속 펀딩·투자·회수 삼박자",,https://thebell.co.kr/free/content/ArticleView.asp?key=202601141459008760102630&lcode=00&page=2&svccode=03,True,fundraising_saved,thebell:202601141459008760102630,https://www.thebell.co.kr/free/content/ArticleView.asp?key=202601141459008760102630&lcode=00&page=2&svccode=03
121,"[thebell League Table]위벤처스, 초기·세컨더리 병행…전주기 투자 체계 완성",,https://thebell.co.kr/free/content/ArticleView.asp?key=202601141522441720105662&lcode=00&page=1&svccode=03,True,fundraising_saved,thebell:202601141522441720105662,https://www.thebell.co.kr/free/content/ArticleView.asp?key=202601141522441720105662&lcode=00&page=1&svccode=03
122,"SJ투자, '토모로우' 투자 단행…퍼스트무버펀드 소진 속도",,https://thebell.co.kr/free/content/ArticleView.asp?key=202601131704094160107567&lcode=00&page=3&svccode=03,True,fundraising_saved,thebell:202601131704094160107567,https://www.thebell.co.kr/free/content/ArticleView.asp?key=202601131704094160107567&lcode=00&page=3&svccode=03
123,"[thebell League Table]알바트로스인베, 연속 펀딩 성과…AUM 3000억 가시권",,https://thebell.co.kr/free/content/ArticleView.asp?key=202601140827450620106850&lcode=00&page=3&svccode=03,True,fundraising_saved,thebell:202601140827450620106850,https://www.thebell.co.kr/free/content/ArticleView.asp?key=202601140827450620106850&lcode=00&page=3&svccode=03
124,"[2025 PE 애뉴얼 리포트]투자 외연 넓힌 더함파트너스, 올해 펀드레이징 '주목'",,https://thebell.co.kr/free/content/ArticleView.asp?key=202601141450575720105550&lcode=00&page=2&svccode=03,True,fundraising_saved,thebell:202601141450575720105550,https://www.thebell.co.kr/free/content/ArticleView.asp?key=202601141450575720105550&lcode=00&page=2&svccode=03
125,"[thebell League Table]아이디벤처, 지배구조 변화 속 펀딩·투자·회수 삼박자",,https://thebell.co.kr/free/content/ArticleView.asp?key=202601141459008760102630&lcode=00&page=3&svccode=03,True,fundraising_saved,thebell:202601141459008760102630,https://www.thebell.co.kr/free/content/ArticleView.asp?key=202601141459008760102630&lcode=00&page=3&svccode=03
126,"[thebell League Table]위벤처스, 초기·세컨더리 병행…전주기 투자 체계 완성",,https://thebell.co.kr/free/content/ArticleView.asp?key=202601141522441720105662&lcode=00&page=3&svccode=03,True,fundraising_saved,thebell:202601141522441720105662,https://www.thebell.co.kr/free/content/ArticleView.asp?key=202601141522441720105662&lcode=00&page=3&svccode=03
127,"[thebell League Table]ES인베스터, 딥테크로 외연 확장…AUM 2000억 노린다",,https://thebell.co.kr/free/content/ArticleView.asp?key=202601130554053660105523&lcode=00&page=2&svccode=03,True,fundraising_saved,thebell:202601130554053660105523,https://www.thebell.co.kr/free/content/ArticleView.asp?key=202601130554053660105523&lcode=00&page=2&svccode=03
128,"[thebell League Table]ES인베스터, 딥테크로 외연 확장…AUM 2000억 노린다",,https://thebell.co.kr/free/content/ArticleView.asp?key=202601130554053660105523&lcode=00&page=3&svccode=03,True,fundraising_saved,thebell:202601130554053660105523,https://www.thebell.co.kr/free/content/ArticleView.asp?key=202601130554053660105523&lcode=00&page=3&svccode=03
,"[벤처 4대 강국]민간 LP 확보 과제…""추가 인센티브 필요""",,https://thebell.co.kr/free/content/ArticleView.asp?key=202601151601119880102675&lcode=00&page=2&svccode=03,False,non_fundraising,thebell:202601151601119880102675,https://www.thebell.co.kr/free/content/ArticleView.asp?key=202601151601119880102675&lcode=00&page=2&svccode=03
,"[벤처 4대 강국]민간 LP 확보 과제…""추가 인센티브 필요""",,https://thebell.co.kr/free/content/ArticleView.asp?key=202601151601119880102675&lcode=00&page=3&svccode=03,False,non_fundraising,thebell:202601151601119880102675,https://www.thebell.co.kr/free/content/ArticleView.asp?key=202601151601119880102675&lcode=00&page=3&svccode=03
129,"대형 금융사 주주 모신 센트로이드, 펀드레이징 영향은",,https://thebell.co.kr/free/content/ArticleView.asp?key=202601151610336040108837&lcode=00&page=1&svccode=03,True,fundraising_saved,thebell:202601151610336040108837,https://www.thebell.co.kr/free/content/ArticleView.asp?key=202601151610336040108837&lcode=00&page=1&svccode=03
130,"[thebell League Table]코오롱인베, 투자·회수 ‘쌍끌이’…펀딩도 풀사이클",,https://thebell.co.kr/free/content/ArticleView.asp?key=202601191011093120105932&lcode=00&page=1&svccode=03,True,fundraising_saved,thebell:202601191011093120105932,https://www.thebell.co.kr/free/content/ArticleView.asp?key=202601191011093120105932&lcode=00&page=1&svccode=03
,"[LP Radar]국민연금, 출자펀드 규약 손질…총회 의결 대신 ‘사전보고’",,https://thebell.co.kr/free/content/ArticleView.asp?key=202601191348434600102083&lcode=00&page=2&svccode=03,False,non_fundraising,thebell:202601191348434600102083,https://www.thebell.co.kr/free/content/ArticleView.asp?key=202601191348434600102083&lcode=00&page=2&svccode=03
131,"대형 금융사 주주 모신 센트로이드, 펀드레이징 영향은",,https://thebell.co.kr/free/content/ArticleView.asp?key=202601151610336040108837&lcode=00&page=2&svccode=03,True,fundraising_saved,thebell:202601151610336040108837,https://www.thebell.co.kr/free/content/ArticleView.asp?key=202601151610336040108837&lcode=00&page=2&svccode=03
132,"[thebell League Table]코오롱인베, 투자·회수 ‘쌍끌이’…펀딩도 풀사이클",,https://thebell.co.kr/free/content/ArticleView.asp?key=202601191011093120105932&lcode=00&page=2&svccode=03,True,fundraising_saved,thebell:202601191011093120105932,https://www.thebell.co.kr/free/content/ArticleView.asp?key=202601191011093120105932&lcode=00&page=2&svccode=03
,"[LP Radar]국민연금, 출자펀드 규약 손질…총회 의결 대신 ‘사전보고’",,https://thebell.co.kr/free/content/ArticleView.asp?key=202601191348434600102083&lcode=00&page=3&svccode=03,False,non_fundraising,thebell:202601191348434600102083,https://www.thebell.co.kr/free/content/ArticleView.asp?key=202601191348434600102083&lcode=00&page=3&svccode=03
133,"'대만 VC' 앱웍스, 2400억 펀드 결성…한국 투자 확대 시동",,https://thebell.co.kr/free/content/ArticleView.asp?key=202601200936104960107382&lcode=00&page=3&svccode=03,True,fundraising_saved,thebell:202601200936104960107382,https://www.thebell.co.kr/free/content/ArticleView.asp?key=202601200936104960107382&lcode=00&page=3&svccode=03
134,"[2025 PE 애뉴얼 리포트]전진한 그래비티PE, 신규 펀드레이징·투자행보 '주목'",,https://thebell.co.kr/free/content/ArticleView.asp?key=202601201254473000102747&lcode=00&page=2&svccode=03,True,fundraising_saved,thebell:202601201254473000102747,https://www.thebell.co.kr/free/content/ArticleView.asp?key=202601201254473000102747&lcode=00&page=2&svccode=03
135,"K2인베스트, 단일 최대 펀드레이징…3000억 정조준",,https://thebell.co.kr/free/content/ArticleView.asp?key=202601201429469480107866&lcode=00&page=2&svccode=03,True,fundraising_saved,thebell:202601201429469480107866,https://www.thebell.co.kr/free/content/ArticleView.asp?key=202601201429469480107866&lcode=00&page=2&svccode=03
136,"알바트로스인베, AI펀드 '490억' 2차 클로징",,https://thebell.co.kr/free/content/ArticleView.asp?key=202601201545413080108763&lcode=00&page=3&svccode=03,True,fundraising_saved,thebell:202601201545413080108763,https://www.thebell.co.kr/free/content/ArticleView.asp?key=202601201545413080108763&lcode=00&page=3&svccode=03
137,"SV인베, 글로벌로 판 넓힌다…AUM 2조 가시권",,https://thebell.co.kr/free/content/ArticleView.asp?key=202601201410498640102058&lcode=00&page=3&svccode=03,True,fundraising_saved,thebell:202601201410498640102058,https://www.thebell.co.kr/free/content/ArticleView.asp?key=202601201410498640102058&lcode=00&page=3&svccode=03
138,"스마일게이트인베, 600억 역외펀드 만든다",,https://thebell.co.kr/free/content/ArticleView.asp?key=202601211121059720102389&lcode=00&page=2&svccode=03,True,fundraising_saved,thebell:202601211121059720102389,https://www.thebell.co.kr/free/content/ArticleView.asp?key=202601211121059720102389&lcode=00&page=2&svccode=03
139,"[LP Radar]'첫 출자' 대전투자금융, 회수까지 ‘대전 잔류’ 조건 걸었다",,https://thebell.co.kr/free/content/ArticleView.asp?key=202601211400099320102294&lcode=00&page=2&svccode=03,True,fundraising_saved,thebell:202601211400099320102294,https://www.thebell.co.kr/free/content/ArticleView.asp?key=202601211400099320102294&lcode=00&page=2&svccode=03
140,"한국정보통신, 서울투자에 또 수혈…중형 VC 도약 뒷받침",,https://thebell.co.kr/free/content/ArticleView.asp?key=202601220816549060106521&lcode=00&page=1&svccode=03,True,fundraising_saved,thebell:202601220816549060106521,https://www.thebell.co.kr/free/content/ArticleView.asp?key=202601220816549060106521&lcode=00&page=1&svccode=03
141,"KB증권 PE, 마크운용·교원플로우와 1000억 크레딧펀드 결성",,https://thebell.co.kr/free/content/ArticleView.asp?key=202601221230365200108949&lcode=00&page=2&svccode=03,True,fundraising_saved,thebell:202601221230365200108949,https://www.thebell.co.kr/free/content/ArticleView.asp?key=202601221230365200108949&lcode=00&page=2&svccode=03
142,"[2026 VC 로드맵]송은강 캡스톤파트너스 대표 ""500억 펀딩 마무리, AI 투자 집중""",,https://thebell.co.kr/free/content/ArticleView.asp?key=202601220808370380102710&lcode=00&page=3&svccode=03,True,fundraising_saved,thebell:202601220808370380102710,https://www.thebell.co.kr/free/content/ArticleView.asp?key=202601220808370380102710&lcode=00&page=3&svccode=03
143,"[2026 VC 로드맵]배진환 메디치인베 대표 ""단독펀드 승부수, 운용전략 재정비""",,https://thebell.co.kr/free/content/ArticleView.asp?key=202601221030001560106574&lcode=00&page=2&svccode=03,True,fundraising_saved,thebell:202601221030001560106574,https://www.thebell.co.kr/free/content/ArticleView.asp?key=202601221030001560106574&lcode=00&page=2&svccode=03
,"[LP Radar]농금원, 사후관리 개정…체크리스트·관리보수 산식 추가",,https://thebell.co.kr/free/content/ArticleView.asp?key=202601261444468680109524&lcode=00&page=3&svccode=03,False,non_fundraising,thebell:202601261444468680109524,https://www.thebell.co.kr/free/content/ArticleView.asp?key=202601261444468680109524&lcode=00&page=3&svccode=03
