index,url
1,https://wowtale.net/2022/12/08/49652/
2,https://wowtale.net/2026/01/20/253525/
3,https://wowtale.net/2026/01/21/253573/
4,https://wowtale.net/2026/01/21/253592/
5,https://wowtale.net/2026/01/21/253610/
6,https://wowtale.net/2026/01/21/253619/
7,https://wowtale.net/2026/01/21/253633/
8,https://wowtale.net/2026/01/22/253654/
9,https://wowtale.net/2026/01/22/253664/
10,https://wowtale.net/2026/01/22/253702/
11,https://wowtale.net/2026/01/22/253707/
12,https://wowtale.net/2026/01/23/253730/
13,https://wowtale.net/2026/01/23/253746/
14,https://wowtale.net/2026/01/23/253748/
15,https://wowtale.net/2026/01/25/253770/
16,https://wowtale.net/2026/01/25/253773/
17,https://wowtale.net/2026/01/26/253779/
18,https://wowtale.net/2026/01/26/253799/
19,https://wowtale.net/2026/01/26/253832/
20,https://wowtale.net/2026/01/26/253836/
21,https://wowtale.net/2026/01/27/253850/
22,https://wowtale.net/2026/01/27/253853/
23,https://wowtale.net/2026/01/27/253859/
24,https://wowtale.net/2026/01/27/253862/
25,https://wowtale.net/2026/01/27/253865/
26,https://wowtale.net/2026/01/27/253871/
27,https://wowtale.net/2026/01/27/253884/
